{
    "bannerAds": [{
            "text": "Discord!",
            "src": "https://jackbox.site/banners/1.png",
            "href": "https://discord.gg/w7bGZUx"
        },
        {
            "text": "Доступен для всех!",
            "src": "https://jackbox.site/banners/2.jpg",
            "href": "https://tdot.space/jpp7"
		},
        {
            "text": "Первый трейлер",
            "src": "https://jackbox.site/banners/3.png",
            "href": "https://www.youtube.com/watch?v=irqqQhmYTPY"
		},
        {
            "text": "Поддержите нас!",
            "src": "https://jackbox.site/banners/4.png",
            "href": "https://boosty.to/tdotca"
		},
        {
            "text": "Мы в ВК!",
            "src": "https://jackbox.site/banners/5.png",
            "href": "https://vk.com/tdot_rus"
		},
        {
            "text": "Новая Функция!",
            "src": "https://jackbox.site/banners/6.png",
            "href": "https://jackbox.site/#moderation"
        }
    ]
}